PAYMENT_ID,LOAN_ID,PAYMENT_DATE,LATE_PAYMENT_FLAG
1,72,2021-07-04,1
2,95,2026-03-17,0
3,183,2021-12-01,0
4,257,2018-02-15,0
5,64,2025-07-10,0
6,85,2025-06-28,0
7,15,2026-05-05,0
8,113,2019-01-28,0
9,14,2025-04-26,0
10,224,2020-12-17,0
11,27,2025-04-18,1
12,208,2026-05-09,0
13,174,2019-09-23,0
14,297,2021-03-21,0
15,105,2020-04-30,0
16,104,2020-08-22,1
17,73,2023-03-03,0
18,162,2021-07-29,0
19,66,2023-09-09,0
20,35,2023-11-06,0
21,285,2019-10-04,0
22,204,2018-05-20,0
23,36,2024-06-20,0
24,186,2019-07-29,0
25,92,2019-09-26,0
26,55,2023-03-19,0
27,142,2020-04-12,1
28,237,2019-08-24,0
29,1,2020-08-29,1
30,107,2022-07-13,0
31,277,2025-05-02,0
32,119,2026-07-28,0
33,30,2024-05-06,0
34,129,2025-10-16,0
35,205,2022-08-08,0
36,299,2021-07-16,1
37,189,2025-02-08,0
38,16,2020-08-15,0
39,243,2025-01-17,0
40,235,2026-08-27,0
41,196,2021-05-19,0
42,269,2023-06-29,0
43,231,2024-10-10,0
44,70,2024-10-16,0
45,127,2019-10-15,0
46,153,2026-05-06,0
47,147,2022-05-13,0
48,192,2018-05-13,0
49,211,2019-01-10,0
50,32,2024-04-22,0
51,171,2021-09-13,0
52,12,2018-12-08,0
53,154,2022-07-06,0
54,127,2023-03-14,0
55,62,2018-09-11,0
56,298,2021-01-13,0
57,78,2022-01-04,0
58,17,2024-10-06,0
59,108,2023-08-26,0
60,228,2018-10-03,0
61,3,2023-04-29,0
62,148,2025-10-28,1
63,126,2018-06-22,0
64,260,2026-07-21,0
65,1,2018-10-29,1
66,6,2023-05-26,1
67,170,2021-01-17,0
68,54,2024-05-02,1
69,212,2025-04-21,0
70,84,2025-05-20,0
71,169,2025-07-16,0
72,12,2025-01-28,0
73,209,2020-09-07,0
74,156,2022-01-13,0
75,1,2024-03-26,0
76,80,2019-06-18,0
77,18,2023-01-03,0
78,14,2022-08-06,0
79,210,2026-07-11,1
80,129,2018-06-07,0
81,241,2018-10-27,0
82,78,2018-04-06,0
83,216,2022-10-01,0
84,185,2022-10-10,0
85,199,2023-02-19,0
86,249,2020-02-06,0
87,213,2020-09-01,0
88,224,2021-08-12,0
89,222,2018-05-29,0
90,135,2024-07-10,0
91,218,2018-06-14,0
92,253,2023-10-13,1
93,222,2021-12-07,0
94,183,2026-08-29,0
95,23,2024-01-02,1
96,131,2022-02-14,0
97,19,2024-01-26,1
98,32,2019-01-07,0
99,109,2019-07-27,0
100,140,2022-04-29,0
101,159,2025-06-09,0
102,271,2025-02-09,1
103,229,2021-04-09,0
104,127,2020-06-17,1
105,101,2026-05-12,0
106,214,2022-11-26,1
107,83,2019-01-10,1
108,266,2019-12-14,0
109,235,2025-04-02,1
110,205,2025-10-14,0
111,75,2025-11-15,0
112,187,2018-01-22,0
113,247,2025-02-17,0
114,22,2018-12-21,0
115,54,2025-01-04,0
116,155,2025-08-22,0
117,108,2021-02-17,0
118,213,2019-09-05,0
119,121,2024-03-08,0
120,299,2018-08-05,0
121,90,2023-01-09,1
122,109,2020-11-15,1
123,2,2021-09-05,1
124,75,2025-02-26,0
125,71,2026-08-11,0
126,229,2021-06-27,1
127,102,2020-07-08,0
128,62,2025-03-26,0
129,95,2021-08-01,0
130,169,2019-09-25,0
131,236,2025-10-29,0
132,294,2026-08-06,0
133,15,2020-07-04,0
134,253,2019-05-16,0
135,117,2019-04-29,0
136,243,2023-03-11,0
137,12,2020-09-08,0
138,188,2023-05-27,0
139,280,2024-07-31,0
140,12,2018-01-19,0
141,238,2025-06-15,0
142,35,2018-04-03,0
143,295,2018-12-29,1
144,224,2024-04-13,0
145,274,2023-05-23,0
146,270,2026-06-25,1
147,95,2022-12-02,0
148,125,2021-08-13,0
149,208,2023-10-19,0
150,53,2024-08-09,0
151,92,2023-10-26,0
152,30,2021-03-19,0
153,267,2026-04-26,0
154,75,2020-08-12,0
155,124,2021-01-02,0
156,136,2020-05-29,0
157,113,2020-08-07,1
158,234,2019-11-06,0
159,275,2023-01-15,0
160,172,2024-04-26,0
161,252,2021-09-21,0
162,34,2025-12-31,0
163,290,2022-02-08,0
164,35,2022-01-18,0
165,20,2018-08-08,0
166,7,2025-10-31,0
167,74,2019-04-15,0
168,252,2019-06-05,0
169,91,2026-02-09,0
170,238,2022-07-03,0
171,128,2018-08-05,1
172,32,2021-10-30,0
173,142,2023-02-12,0
174,70,2018-02-01,0
175,88,2024-07-16,0
176,156,2023-10-18,0
177,238,2018-02-07,0
178,177,2023-05-13,0
179,67,2019-12-07,0
180,216,2024-05-14,0
181,209,2021-04-08,0
182,72,2019-10-02,0
183,256,2022-05-24,1
184,253,2021-11-03,0
185,182,2020-12-17,0
186,89,2025-08-13,0
187,107,2023-08-17,0
188,132,2022-03-24,0
189,57,2019-12-18,0
190,92,2022-12-06,0
191,41,2018-03-22,0
192,47,2025-09-02,0
193,224,2018-01-05,0
194,39,2024-01-22,1
195,141,2020-12-29,1
196,129,2024-03-26,0
197,14,2021-02-19,0
198,250,2018-03-24,0
199,296,2026-03-23,1
200,192,2024-08-22,0
201,202,2018-05-22,0
202,70,2018-04-15,0
203,254,2022-08-06,0
204,236,2026-04-17,0
205,132,2023-01-04,0
206,212,2018-02-03,0
207,287,2024-01-23,0
208,181,2021-09-16,0
209,60,2023-07-16,1
210,100,2021-01-14,0
211,56,2018-01-26,1
212,100,2018-02-28,0
213,268,2023-06-24,0
214,57,2023-07-04,0
215,268,2020-10-17,1
216,86,2018-09-18,0
217,150,2024-09-12,0
218,159,2019-04-24,0
219,38,2019-08-20,0
220,56,2021-12-03,0
221,92,2024-03-17,0
222,18,2026-08-17,0
223,227,2023-06-04,0
224,164,2026-04-29,0
225,254,2023-08-28,0
226,259,2025-05-08,0
227,105,2019-07-12,0
228,246,2018-06-28,0
229,19,2023-10-20,0
230,129,2026-06-15,0
231,200,2024-05-22,0
232,140,2020-12-22,0
233,222,2022-03-30,0
234,258,2018-12-22,0
235,128,2020-12-13,0
236,83,2023-12-03,1
237,175,2019-06-12,0
238,261,2022-03-05,0
239,297,2020-07-07,0
240,245,2022-04-03,0
241,74,2024-08-15,0
242,62,2025-09-02,1
243,172,2021-07-20,0
244,121,2025-03-03,0
245,184,2024-02-03,0
246,277,2025-12-28,1
247,165,2024-06-01,0
248,107,2022-10-10,0
249,261,2023-11-05,1
250,132,2020-10-02,1
251,182,2023-11-03,0
252,41,2024-02-23,0
253,153,2023-04-18,0
254,128,2018-11-23,0
255,37,2022-06-30,0
256,64,2024-02-29,0
257,211,2019-09-19,0
258,55,2024-10-28,0
259,40,2025-04-22,0
260,18,2022-09-02,0
261,8,2026-05-11,0
262,131,2025-06-08,0
263,147,2022-01-16,0
264,188,2025-08-31,0
265,172,2026-02-02,0
266,162,2018-12-09,1
267,300,2026-08-26,0
268,75,2018-01-16,1
269,214,2022-03-20,0
270,24,2026-02-17,0
271,255,2024-04-12,0
272,109,2020-04-24,0
273,104,2023-08-01,0
274,41,2019-11-11,0
275,153,2020-01-22,0
276,120,2025-11-26,0
277,293,2018-05-30,0
278,54,2026-05-05,0
279,126,2021-12-06,0
280,271,2018-07-25,0
281,243,2024-10-28,0
282,230,2018-06-02,0
283,158,2020-10-26,0
284,262,2020-02-02,0
285,68,2024-10-19,0
286,243,2021-06-09,0
287,175,2023-09-05,0
288,105,2018-08-17,0
289,66,2024-01-12,0
290,157,2024-02-29,0
291,1,2020-06-23,0
292,215,2025-08-22,0
293,71,2022-01-28,0
294,117,2023-10-14,0
295,58,2019-07-30,0
296,140,2026-02-01,0
297,112,2020-02-20,0
298,57,2023-06-06,0
299,267,2018-10-12,1
300,228,2018-05-22,0
301,117,2019-02-06,0
302,18,2026-03-04,0
303,254,2019-10-29,0
304,210,2025-08-16,0
305,167,2023-01-12,1
306,182,2018-10-08,0
307,3,2021-10-28,0
308,143,2022-02-26,0
309,57,2020-04-25,1
310,196,2023-03-28,0
311,280,2025-06-19,0
312,160,2025-08-29,0
313,182,2022-07-21,0
314,201,2025-09-29,0
315,279,2026-01-01,0
316,12,2018-10-06,0
317,94,2023-07-04,0
318,81,2024-09-14,0
319,215,2018-02-19,0
320,135,2023-03-26,0
321,232,2025-12-02,0
322,142,2020-04-29,0
323,293,2025-06-07,0
324,231,2026-02-04,0
325,6,2023-07-05,0
326,297,2023-06-16,0
327,286,2022-08-21,0
328,14,2021-07-18,0
329,118,2021-12-04,0
330,292,2022-07-12,0
331,252,2022-03-07,0
332,141,2025-02-28,0
333,164,2024-09-01,0
334,9,2021-01-05,0
335,170,2022-06-13,1
336,200,2019-11-13,0
337,108,2019-07-12,0
338,93,2021-03-13,0
339,249,2018-07-04,0
340,135,2025-05-29,0
341,80,2019-02-04,0
342,113,2020-10-30,0
343,148,2020-03-07,0
344,78,2019-10-17,0
345,169,2021-03-10,0
346,259,2024-03-27,0
347,223,2025-09-26,0
348,70,2019-08-21,0
349,142,2020-01-27,0
350,164,2022-01-26,0
351,205,2020-10-08,0
352,227,2024-12-07,0
353,146,2019-12-08,1
354,95,2021-06-28,0
355,198,2022-09-24,0
356,38,2021-04-22,0
357,203,2023-05-08,1
358,269,2024-12-06,0
359,213,2022-08-12,1
360,131,2021-12-17,0
361,247,2026-04-02,1
362,160,2026-07-06,0
363,163,2026-08-18,0
364,256,2018-02-22,0
365,58,2025-04-05,0
366,234,2025-10-16,1
367,204,2024-12-24,0
368,159,2024-07-01,0
369,24,2021-03-04,0
370,230,2024-04-17,0
371,66,2023-01-10,0
372,269,2025-03-17,0
373,238,2021-01-17,1
374,110,2024-06-09,1
375,131,2024-10-19,0
376,8,2025-03-25,0
377,150,2019-06-29,1
378,18,2025-06-27,1
379,297,2019-11-17,0
380,193,2026-02-14,0
381,71,2018-05-03,0
382,242,2019-12-09,0
383,6,2023-04-12,0
384,165,2022-09-17,0
385,34,2023-12-20,0
386,17,2021-07-01,0
387,74,2018-01-11,0
388,89,2023-05-10,0
389,218,2022-06-06,1
390,268,2022-05-30,0
391,233,2021-04-08,0
392,222,2025-09-20,1
393,170,2024-11-13,0
394,112,2019-07-28,0
395,77,2018-05-04,0
396,284,2019-07-29,0
397,157,2018-06-03,1
398,170,2024-02-24,1
399,5,2023-05-18,0
400,138,2022-01-05,0
401,205,2023-02-17,0
402,149,2025-01-03,0
403,185,2025-03-16,0
404,243,2021-10-07,0
405,7,2023-02-19,1
406,272,2023-01-01,0
407,246,2026-03-25,0
408,126,2024-08-07,0
409,230,2020-09-22,0
410,20,2025-09-09,0
411,93,2021-06-13,0
412,33,2024-07-26,0
413,191,2026-06-23,0
414,257,2025-01-05,0
415,181,2018-12-07,0
416,214,2019-10-14,0
417,43,2024-11-24,0
418,281,2019-01-26,0
419,58,2018-02-06,0
420,158,2020-03-28,0
421,205,2022-03-21,0
422,257,2019-02-11,0
423,281,2019-05-01,0
424,180,2020-12-08,0
425,173,2023-03-11,0
426,126,2022-09-20,0
427,171,2024-12-02,1
428,203,2026-07-03,0
429,195,2018-04-15,0
430,178,2023-12-20,1
431,133,2019-06-03,0
432,59,2021-02-15,0
433,17,2020-12-20,0
434,127,2024-01-28,1
435,119,2020-03-20,0
436,183,2025-10-03,0
437,271,2021-04-28,1
438,211,2025-01-24,0
439,242,2026-04-02,0
440,174,2022-06-05,0
441,279,2018-11-17,0
442,282,2024-01-30,0
443,46,2021-09-02,1
444,192,2020-12-07,0
445,152,2021-12-18,0
446,292,2020-08-07,0
447,176,2020-06-06,0
448,5,2026-07-31,1
449,63,2020-05-31,0
450,39,2021-12-23,0
451,61,2024-03-12,1
452,29,2019-12-01,1
453,235,2023-05-11,0
454,149,2025-10-06,0
455,202,2025-01-17,0
456,300,2018-04-01,0
457,195,2021-07-06,0
458,144,2018-01-01,1
459,81,2023-04-05,0
460,227,2020-10-26,0
461,153,2025-09-30,0
462,228,2019-07-10,0
463,7,2025-05-19,0
464,49,2020-12-19,0
465,39,2025-12-22,0
466,205,2019-09-24,0
467,156,2020-05-01,0
468,96,2021-01-16,0
469,93,2026-07-17,0
470,183,2024-05-12,0
471,290,2025-01-28,0
472,299,2022-10-17,0
473,142,2024-11-21,0
474,202,2023-06-08,0
475,26,2023-10-15,0
476,284,2025-04-04,1
477,6,2026-07-11,0
478,103,2022-12-29,0
479,218,2021-10-29,0
480,291,2023-08-30,0
481,52,2024-06-05,0
482,199,2026-07-20,1
483,57,2024-01-22,0
484,16,2026-04-11,0
485,128,2024-05-06,0
486,173,2026-04-02,0
487,80,2024-07-07,1
488,292,2025-09-02,0
489,185,2019-08-27,0
490,132,2026-08-09,1
491,146,2021-01-10,1
492,140,2024-11-30,0
493,34,2021-05-26,0
494,182,2021-12-21,0
495,236,2024-06-26,1
496,127,2022-09-08,0
497,128,2024-03-17,0
498,274,2018-09-08,0
499,184,2025-03-23,0
500,90,2021-07-17,0
501,2,2024-11-01,0
502,247,2020-06-22,0
503,188,2023-03-03,0
504,188,2023-02-06,0
505,85,2019-03-20,0
506,56,2022-02-10,0
507,149,2023-07-05,0
508,228,2025-04-01,0
509,90,2025-09-09,0
510,159,2021-05-02,0
511,299,2023-07-30,0
512,66,2019-07-08,0
513,70,2025-10-06,0
514,71,2025-07-11,0
515,274,2026-08-30,0
516,159,2022-03-20,0
517,276,2021-02-11,0
518,285,2024-07-27,0
519,127,2024-04-08,0
520,17,2019-11-03,1
521,92,2022-09-06,0
522,164,2023-08-01,0
523,115,2021-12-11,0
524,1,2021-03-21,0
525,297,2020-01-30,0
526,91,2021-07-27,0
527,186,2020-02-18,0
528,285,2020-08-09,1
529,164,2019-08-09,0
530,209,2021-04-06,0
531,11,2023-06-23,0
532,210,2021-04-10,1
533,255,2019-03-26,0
534,276,2024-12-11,0
535,26,2021-09-27,0
536,69,2023-01-23,0
537,15,2022-07-15,0
538,276,2022-05-22,0
539,83,2021-10-19,0
540,160,2024-07-20,0
541,143,2025-05-30,0
542,207,2025-11-01,0
543,269,2021-11-04,0
544,98,2020-12-15,0
545,238,2018-09-20,1
546,88,2021-11-02,0
547,60,2026-08-08,0
548,32,2020-04-03,0
549,112,2025-04-29,1
550,169,2024-07-23,0
551,235,2023-09-21,0
552,255,2022-11-25,0
553,159,2024-07-22,0
554,123,2018-11-08,0
555,53,2019-02-10,0
556,275,2019-09-12,0
557,119,2024-08-21,0
558,230,2021-09-29,1
559,188,2019-10-20,0
560,280,2018-05-23,0
561,292,2022-03-29,0
562,213,2021-06-16,0
563,199,2019-07-18,0
564,42,2018-03-15,0
565,5,2024-07-14,1
566,164,2024-10-03,1
567,212,2020-02-18,0
568,224,2022-04-13,0
569,76,2020-03-12,0
570,151,2021-07-18,0
571,259,2018-12-12,0
572,29,2026-03-15,1
573,116,2024-03-31,0
574,284,2025-10-23,0
575,60,2020-07-25,1
576,96,2025-07-26,1
577,141,2022-06-29,0
578,207,2019-09-20,0
579,77,2020-11-17,0
580,238,2025-01-13,0
581,71,2024-09-18,0
582,111,2024-03-30,0
583,172,2019-12-19,0
584,4,2023-08-13,0
585,231,2026-02-26,0
586,201,2018-06-04,0
587,251,2020-10-14,0
588,83,2018-09-12,0
589,120,2018-11-25,0
590,270,2026-08-26,1
591,21,2020-01-31,0
592,148,2019-07-22,0
593,146,2018-08-23,0
594,135,2026-07-03,1
595,131,2022-01-24,0
596,225,2024-11-10,0
597,60,2020-03-03,0
598,268,2023-07-23,0
599,269,2025-09-06,0
600,54,2023-10-26,0
601,293,2022-06-26,1
602,79,2019-10-29,0
603,16,2020-01-09,0
604,120,2023-03-05,0
605,239,2021-11-29,0
606,254,2018-05-28,0
607,194,2019-09-13,0
608,244,2021-09-29,0
609,79,2019-07-20,0
610,264,2022-10-20,0
611,191,2020-08-09,1
612,41,2020-07-11,0
613,39,2018-12-09,0
614,81,2022-05-13,0
615,21,2019-08-21,0
616,85,2023-06-19,0
617,299,2026-02-17,0
618,73,2025-11-28,0
619,191,2023-10-13,0
620,294,2024-12-31,0
621,76,2025-12-26,0
622,209,2023-11-29,0
623,136,2020-03-24,0
624,86,2022-05-05,0
625,286,2025-06-06,0
626,198,2023-10-16,0
627,132,2021-02-20,0
628,244,2019-06-18,0
629,271,2019-04-02,1
630,235,2021-04-08,0
631,261,2024-12-22,0
632,97,2022-10-16,0
633,104,2018-07-08,0
634,70,2025-12-17,0
635,209,2021-07-05,1
636,241,2021-05-21,0
637,199,2025-02-06,0
638,180,2021-04-08,0
639,232,2023-05-09,0
640,55,2025-12-26,1
641,110,2022-06-29,1
642,213,2023-04-29,0
643,16,2021-01-24,0
644,274,2025-09-20,0
645,52,2018-08-26,0
646,237,2020-05-24,0
647,185,2026-08-04,0
648,255,2022-03-13,0
649,233,2019-07-08,0
650,155,2021-08-02,0
651,227,2020-03-19,0
652,104,2022-07-22,0
653,176,2020-01-17,0
654,275,2021-06-18,0
655,26,2025-11-14,0
656,107,2018-09-18,0
657,6,2024-08-14,0
658,161,2018-09-05,0
659,235,2021-12-18,0
660,12,2023-10-17,0
661,165,2026-04-13,0
662,125,2020-03-02,0
663,235,2018-06-17,0
664,67,2024-07-05,0
665,49,2025-09-30,0
666,29,2022-11-24,0
667,123,2018-07-11,0
668,147,2022-05-05,1
669,276,2021-05-23,0
670,140,2021-11-30,0
671,52,2018-06-20,0
672,210,2020-10-01,0
673,19,2026-08-29,0
674,104,2018-05-25,0
675,197,2025-12-04,0
676,77,2022-06-27,1
677,179,2023-01-26,0
678,136,2026-02-03,0
679,286,2019-11-21,1
680,87,2026-07-14,0
681,272,2020-05-26,0
682,188,2021-01-10,0
683,225,2021-11-24,0
684,51,2023-03-20,0
685,6,2020-10-18,0
686,220,2024-11-15,0
687,145,2018-03-09,0
688,93,2023-10-12,0
689,269,2023-09-09,1
690,98,2022-08-20,0
691,131,2023-04-27,0
692,218,2024-06-25,1
693,289,2025-11-03,1
694,270,2019-11-23,0
695,196,2022-02-18,0
696,34,2022-11-15,0
697,33,2020-12-27,0
698,208,2026-06-11,0
699,153,2022-06-08,0
700,40,2023-02-20,0
701,209,2019-09-09,0
702,283,2021-08-09,0
703,20,2023-06-04,0
704,248,2021-09-18,0
705,104,2024-09-03,0
706,120,2019-03-09,1
707,216,2019-05-01,1
708,75,2020-12-09,0
709,48,2020-10-05,0
710,290,2025-01-25,1
711,105,2025-07-10,1
712,51,2022-02-03,1
713,207,2022-05-20,0
714,66,2020-07-20,0
715,233,2022-08-11,0
716,22,2024-02-15,0
717,156,2024-04-06,0
718,121,2026-05-26,0
719,288,2023-01-04,0
720,157,2020-12-13,0
721,278,2018-08-09,0
722,75,2023-12-18,0
723,143,2024-12-20,0
724,245,2022-10-15,0
725,49,2025-12-31,1
726,279,2020-09-30,0
727,232,2018-06-18,0
728,204,2023-06-28,0
729,73,2019-01-19,0
730,246,2018-09-24,0
731,253,2024-02-01,0
732,88,2021-10-07,1
733,177,2023-03-29,0
734,19,2024-06-25,1
735,119,2021-04-26,0
736,46,2023-04-19,0
737,167,2022-09-04,0
738,165,2023-01-11,0
739,160,2024-02-05,1
740,204,2021-04-19,0
741,278,2022-05-17,0
742,60,2023-02-15,0
743,65,2019-03-20,1
744,65,2019-11-01,0
745,279,2018-10-11,0
746,28,2019-09-19,0
747,10,2021-10-21,0
748,49,2026-02-16,0
749,231,2025-12-31,0
750,174,2024-08-12,0
751,276,2022-11-01,0
752,62,2019-10-04,0
753,119,2021-02-08,0
754,167,2024-08-23,0
755,22,2025-11-16,0
756,276,2026-05-06,1
757,242,2021-05-15,0
758,44,2022-03-21,0
759,253,2022-05-31,1
760,135,2018-06-28,0
761,101,2019-01-04,0
762,284,2018-05-24,0
763,156,2024-05-23,0
764,69,2019-12-12,0
765,243,2024-01-27,0
766,215,2021-04-03,0
767,58,2024-11-19,0
768,204,2019-01-01,1
769,189,2020-10-26,0
770,83,2019-10-11,1
771,130,2021-10-12,0
772,252,2022-11-15,1
773,53,2019-06-17,0
774,217,2023-10-13,1
775,250,2026-05-12,0
776,282,2018-05-18,0
777,98,2018-09-30,0
778,80,2026-04-03,0
779,281,2023-08-17,0
780,139,2025-12-21,1
781,171,2024-02-11,0
782,154,2024-03-21,1
783,155,2019-05-15,0
784,188,2022-06-09,0
785,127,2021-03-02,1
786,118,2025-03-24,0
787,121,2018-05-17,0
788,197,2018-02-27,0
789,246,2022-10-29,0
790,167,2026-05-31,0
791,204,2026-08-16,0
792,124,2023-02-23,0
793,233,2021-09-23,0
794,119,2020-05-14,0
795,127,2026-08-01,0
796,17,2019-08-04,0
797,79,2019-02-04,1
798,222,2022-05-29,1
799,27,2021-05-27,1
800,68,2022-04-19,0
801,233,2025-10-26,0
802,262,2020-05-04,0
803,125,2025-08-07,0
804,123,2019-11-02,1
805,153,2020-10-21,0
806,232,2018-01-15,0
807,141,2023-11-19,1
808,53,2025-06-10,0
809,130,2025-09-06,0
810,77,2019-06-15,0
811,206,2024-08-24,0
812,43,2019-03-24,0
813,183,2023-06-13,0
814,39,2024-02-02,0
815,292,2019-04-29,0
816,193,2018-12-16,0
817,42,2018-08-20,0
818,288,2024-02-21,0
819,173,2023-04-30,0
820,182,2019-01-13,0
821,19,2022-05-03,0
822,57,2024-11-24,0
823,243,2020-01-24,0
824,141,2023-04-02,0
825,185,2020-07-15,0
826,297,2020-04-06,1
827,129,2021-05-26,1
828,115,2021-01-20,1
829,241,2022-04-18,0
830,20,2019-10-13,1
831,137,2021-05-20,0
832,257,2023-05-25,0
833,69,2021-05-11,1
834,92,2023-09-10,0
835,142,2019-01-02,0
836,23,2019-03-12,0
837,22,2025-07-03,0
838,76,2022-01-02,0
839,270,2023-04-13,0
840,67,2024-05-31,0
841,220,2019-04-08,0
842,128,2026-06-06,0
843,229,2021-09-03,0
844,100,2025-09-17,0
845,263,2021-08-12,0
846,112,2021-07-08,0
847,238,2023-03-17,0
848,250,2019-08-28,0
849,130,2023-04-12,0
850,201,2026-07-11,0
851,36,2023-08-05,0
852,149,2018-08-10,0
853,113,2024-01-19,0
854,287,2018-04-16,0
855,281,2018-11-24,0
856,236,2020-06-19,1
857,285,2020-08-23,0
858,293,2018-01-12,0
859,231,2018-02-24,0
860,179,2024-11-03,0
861,62,2021-12-10,0
862,245,2019-09-25,0
863,59,2021-09-21,1
864,56,2024-01-03,0
865,264,2024-05-13,0
866,35,2020-07-01,1
867,43,2019-06-14,1
868,154,2026-04-26,0
869,176,2023-06-23,0
870,14,2026-07-10,0
871,114,2020-08-28,0
872,68,2018-12-19,1
873,91,2021-04-24,0
874,55,2020-11-03,0
875,204,2024-03-27,0
876,142,2024-03-17,0
877,288,2018-08-15,0
878,3,2023-02-04,0
879,234,2020-12-21,0
880,273,2023-05-01,0
881,146,2021-05-23,0
882,210,2022-08-29,0
883,133,2024-03-16,0
884,179,2020-07-17,0
885,273,2019-09-23,0
886,160,2024-02-14,1
887,174,2026-03-19,0
888,297,2021-11-06,0
889,149,2026-08-25,0
890,52,2019-08-09,0
891,205,2025-02-05,0
892,208,2026-07-26,0
893,72,2020-08-06,0
894,219,2019-04-14,0
895,20,2023-10-03,0
896,97,2025-07-15,0
897,257,2018-09-21,0
898,186,2023-07-22,0
899,183,2025-07-21,0
900,187,2018-04-12,0
901,50,2022-06-22,0
902,289,2018-09-01,0
903,90,2019-07-13,0
904,236,2022-03-20,0
905,297,2020-11-02,0
906,73,2018-09-27,0
907,191,2024-12-10,0
908,13,2019-10-05,0
909,191,2025-07-18,0
910,133,2019-07-14,0
911,22,2022-07-04,0
912,202,2024-04-20,1
913,291,2022-03-01,0
914,25,2021-08-13,0
915,268,2024-07-04,0
916,254,2018-02-07,0
917,165,2025-02-28,0
918,271,2023-12-25,1
919,93,2024-08-18,0
920,217,2021-08-25,0
921,210,2021-05-02,0
922,175,2022-12-16,1
923,251,2023-07-26,1
924,263,2026-01-08,1
925,236,2025-06-07,0
926,177,2018-06-20,0
927,294,2019-04-26,0
928,167,2026-03-16,0
929,192,2021-05-13,0
930,57,2023-01-12,1
931,97,2018-06-29,0
932,272,2018-11-28,0
933,150,2021-07-18,0
934,154,2024-03-21,0
935,245,2024-09-11,0
936,98,2025-10-03,1
937,80,2019-09-16,0
938,3,2019-10-02,0
939,70,2022-09-12,0
940,154,2022-09-28,0
941,218,2018-04-26,0
942,99,2021-11-16,0
943,134,2025-10-12,0
944,67,2019-06-03,0
945,245,2025-02-09,1
946,158,2021-11-16,0
947,44,2022-07-19,0
948,183,2023-07-25,1
949,101,2024-02-13,0
950,260,2023-07-12,1
951,81,2018-11-25,1
952,260,2020-07-24,0
953,210,2025-04-29,0
954,41,2018-05-08,0
955,228,2024-03-14,0
956,217,2022-07-06,0
957,137,2019-01-15,1
958,49,2019-01-24,0
959,144,2026-07-02,0
960,183,2018-04-09,0
961,40,2018-03-13,0
962,103,2018-02-22,0
963,211,2023-06-13,0
964,166,2026-01-11,0
965,298,2019-06-28,0
966,66,2024-11-24,0
967,234,2024-03-27,1
968,128,2019-12-29,0
969,67,2018-08-11,0
970,286,2022-03-25,0
971,187,2018-09-14,0
972,161,2018-12-26,1
973,89,2022-01-16,0
974,265,2025-01-26,0
975,10,2026-08-14,0
976,35,2023-06-11,0
977,54,2020-05-25,1
978,196,2020-11-05,0
979,31,2023-04-24,1
980,240,2019-07-03,0
981,59,2022-06-30,0
982,203,2024-08-31,0
983,239,2025-04-20,0
984,264,2018-07-07,0
985,88,2020-07-02,0
986,23,2020-03-17,0
987,228,2022-10-23,0
988,135,2019-08-10,0
989,285,2026-03-29,0
990,57,2025-12-13,0
991,173,2020-11-18,0
992,36,2021-07-12,0
993,146,2021-10-23,0
994,1,2018-05-15,0
995,226,2025-09-14,0
996,182,2024-10-03,0
997,30,2020-11-18,0
998,150,2022-09-30,0
999,129,2021-04-20,0
1000,203,2019-12-24,0
1001,150,2020-08-20,0
1002,138,2018-12-06,0
1003,250,2025-01-06,0
1004,156,2023-09-05,1
1005,245,2026-01-24,0
1006,266,2018-01-21,0
1007,255,2023-06-22,0
1008,287,2022-11-10,0
1009,210,2023-05-29,0
1010,169,2026-07-31,0
1011,160,2021-05-19,0
1012,62,2019-03-23,0
1013,249,2018-02-09,1
1014,208,2022-04-07,1
1015,262,2019-07-05,0
1016,211,2019-03-23,0
1017,145,2019-04-12,0
1018,89,2020-05-26,1
1019,296,2019-01-02,0
1020,221,2022-03-19,0
1021,263,2023-09-02,1
1022,176,2020-07-04,1
1023,154,2019-03-08,0
1024,11,2022-12-18,1
1025,21,2018-09-29,0
1026,213,2024-05-24,0
1027,68,2021-04-26,1
1028,25,2021-07-21,0
1029,233,2020-02-28,0
1030,187,2020-06-14,0
1031,34,2019-04-07,0
1032,150,2022-11-02,0
1033,141,2019-04-08,0
1034,2,2023-11-25,0
1035,182,2020-03-22,0
1036,120,2022-11-26,1
1037,264,2022-08-27,0
1038,35,2023-06-29,0
1039,255,2024-07-28,0
1040,2,2022-11-10,0
1041,230,2025-05-23,0
1042,235,2020-03-31,1
1043,123,2024-07-06,1
1044,85,2020-12-21,0
1045,43,2023-06-12,1
1046,102,2022-04-07,0
1047,201,2025-11-13,0
1048,218,2020-05-08,0
1049,55,2022-07-04,0
1050,4,2019-06-05,1
1051,169,2023-06-29,0
1052,175,2018-04-27,0
1053,295,2021-07-27,0
1054,229,2018-02-01,0
1055,166,2020-11-02,0
1056,178,2022-03-13,1
1057,194,2020-11-16,0
1058,136,2021-05-06,0
1059,204,2019-04-15,0
1060,59,2024-03-12,0
1061,250,2024-11-27,0
1062,259,2021-12-10,0
1063,131,2018-06-25,0
1064,138,2018-07-17,0
1065,150,2023-11-07,0
1066,246,2026-01-19,0
1067,53,2025-06-29,0
1068,103,2021-07-07,0
1069,185,2022-04-24,0
1070,209,2019-06-01,0
1071,89,2018-08-11,0
1072,36,2024-08-21,0
1073,153,2021-09-18,0
1074,192,2022-04-23,1
1075,230,2020-12-22,1
1076,1,2020-09-18,0
1077,6,2026-07-18,0
1078,116,2025-01-28,0
1079,170,2023-12-29,0
1080,2,2021-05-17,0
1081,53,2024-04-02,0
1082,126,2020-12-09,0
1083,84,2022-06-22,0
1084,214,2019-04-05,0
1085,11,2024-02-25,0
1086,267,2018-07-11,0
1087,51,2024-04-06,0
1088,133,2023-03-27,0
1089,296,2018-07-30,0
1090,199,2022-05-22,1
1091,300,2019-12-06,0
1092,6,2022-02-16,1
1093,216,2018-02-11,1
1094,23,2024-04-04,0
1095,184,2022-06-03,0
1096,98,2021-02-20,0
1097,234,2025-08-04,0
1098,38,2023-08-04,0
1099,269,2023-04-14,0
1100,145,2019-04-11,0
1101,156,2022-05-03,0
1102,172,2024-01-28,0
1103,11,2026-01-10,0
1104,94,2023-03-29,0
1105,213,2019-06-30,0
1106,289,2023-11-17,0
1107,296,2018-08-25,0
1108,161,2020-09-17,0
1109,78,2025-12-14,0
1110,144,2024-12-13,1
1111,140,2025-10-29,0
1112,120,2021-01-20,0
1113,109,2023-12-03,1
1114,261,2024-01-26,0
1115,118,2020-02-18,1
1116,9,2026-03-04,0
1117,217,2026-05-29,0
1118,200,2018-12-16,0
1119,114,2024-08-20,0
1120,189,2021-11-18,1
1121,283,2023-11-04,0
1122,278,2022-10-22,0
1123,237,2019-12-07,0
1124,176,2018-10-31,1
1125,9,2022-06-13,0
1126,154,2025-04-04,0
1127,246,2025-02-17,1
1128,254,2020-05-19,0
1129,232,2025-06-16,0
1130,296,2021-01-31,0
1131,155,2022-11-13,0
1132,33,2020-10-23,0
1133,150,2022-07-14,0
1134,96,2022-08-04,1
1135,251,2024-01-18,0
1136,234,2022-02-02,0
1137,128,2022-07-31,0
1138,117,2023-08-25,0
1139,48,2021-08-15,0
1140,13,2022-07-19,0
1141,94,2018-09-28,0
1142,73,2025-07-16,1
1143,80,2019-02-04,0
1144,300,2025-07-26,0
1145,205,2024-08-04,0
1146,166,2026-03-20,0
1147,54,2018-03-20,0
1148,253,2019-11-19,1
1149,194,2018-06-15,0
1150,155,2021-08-15,0
1151,140,2025-11-04,0
1152,166,2024-08-23,0
1153,252,2024-02-07,0
1154,217,2025-05-10,0
1155,146,2018-01-14,0
1156,201,2024-10-29,0
1157,279,2020-09-14,0
1158,98,2023-12-28,0
1159,271,2024-08-13,0
1160,183,2023-12-12,0
1161,56,2021-08-15,0
1162,291,2023-04-21,0
1163,206,2022-01-24,0
1164,116,2023-06-13,0
1165,65,2021-12-23,0
1166,275,2021-06-01,0
1167,247,2019-10-02,1
1168,14,2021-05-11,1
1169,191,2024-04-02,1
1170,35,2025-07-18,0
1171,89,2018-11-23,0
1172,171,2019-08-02,0
1173,75,2022-05-25,0
1174,154,2024-02-03,1
1175,129,2019-06-23,0
1176,175,2020-10-25,0
1177,241,2018-05-28,1
1178,47,2018-06-16,0
1179,239,2019-03-30,0
1180,67,2024-04-27,0
1181,11,2025-07-15,0
1182,134,2022-04-29,1
1183,91,2019-07-12,0
1184,56,2025-12-27,0
1185,127,2020-05-31,0
1186,261,2019-05-05,1
1187,176,2019-03-14,1
1188,219,2021-01-22,1
1189,45,2024-05-17,1
1190,23,2021-06-11,0
1191,101,2021-11-11,0
1192,233,2020-12-13,1
1193,266,2026-03-07,0
1194,31,2023-12-05,0
1195,143,2023-10-05,0
1196,119,2021-10-17,0
1197,224,2022-08-10,0
1198,62,2025-09-02,1
1199,146,2023-09-10,0
1200,255,2025-01-20,0
1201,140,2018-05-08,0
1202,235,2025-06-14,0
1203,187,2026-03-29,0
1204,180,2023-10-17,0
1205,78,2026-04-17,0
1206,298,2022-12-03,0
1207,75,2020-05-24,0
1208,280,2023-04-04,0
1209,297,2023-06-13,0
1210,154,2019-04-03,0
1211,261,2019-10-02,0
1212,215,2020-07-11,0
1213,222,2022-09-30,1
1214,21,2019-04-14,0
1215,42,2024-09-06,0
1216,21,2018-12-13,0
1217,10,2026-02-23,0
1218,251,2023-11-10,0
1219,53,2020-12-09,0
1220,2,2021-03-25,0
1221,282,2024-01-05,0
1222,84,2018-10-09,1
1223,245,2024-03-18,0
1224,289,2022-10-15,1
1225,157,2019-12-02,1
1226,279,2025-10-11,0
1227,291,2023-06-15,0
1228,44,2019-06-03,0
1229,44,2023-09-07,0
1230,111,2021-07-25,0
1231,168,2024-08-16,0
1232,236,2022-04-08,0
1233,55,2026-09-01,0
1234,59,2026-01-14,0
1235,92,2018-05-08,0
1236,82,2021-07-25,1
1237,283,2019-10-03,0
1238,119,2021-11-26,0
1239,261,2019-04-05,0
1240,17,2022-08-23,1
1241,31,2019-05-04,0
1242,242,2023-05-27,0
1243,75,2021-12-09,1
1244,25,2026-08-10,0
1245,179,2025-08-13,0
1246,45,2023-03-16,0
1247,19,2021-11-21,0
1248,122,2024-03-16,0
1249,166,2023-10-18,0
1250,159,2019-03-18,0
1251,176,2021-04-06,0
1252,8,2026-08-08,0
1253,88,2020-10-09,1
1254,104,2018-02-11,0
1255,88,2025-03-26,0
1256,168,2026-02-01,0
1257,69,2023-09-07,0
1258,190,2023-07-04,0
1259,281,2021-01-15,0
1260,199,2021-02-11,0
1261,117,2025-12-04,0
1262,131,2025-06-09,0
1263,176,2022-04-28,0
1264,218,2020-09-18,0
1265,91,2019-08-20,0
1266,12,2018-02-04,0
1267,211,2022-03-10,0
1268,199,2022-10-20,0
1269,31,2023-11-07,0
1270,188,2024-12-23,0
1271,22,2021-03-08,1
1272,193,2019-06-13,0
1273,224,2025-04-25,0
1274,5,2024-08-10,0
1275,219,2022-08-15,0
1276,37,2018-05-05,0
1277,80,2022-01-20,0
1278,212,2023-05-15,0
1279,107,2025-06-11,0
1280,294,2022-05-28,0
1281,288,2022-01-05,0
1282,297,2021-04-18,0
1283,32,2021-08-05,0
1284,53,2018-02-21,0
1285,55,2018-11-25,0
1286,176,2024-07-22,0
1287,130,2021-02-21,0
1288,224,2025-05-17,0
1289,85,2021-06-11,1
1290,60,2026-08-23,0
1291,195,2019-07-26,0
1292,186,2019-08-19,0
1293,208,2023-02-05,0
1294,94,2024-12-16,0
1295,158,2019-04-01,0
1296,279,2022-05-12,0
1297,184,2019-12-10,0
1298,280,2024-05-22,0
1299,131,2022-11-12,0
1300,14,2023-09-03,0
1301,229,2020-05-01,0
1302,139,2020-07-03,1
1303,13,2023-07-19,0
1304,42,2021-01-22,0
1305,94,2023-12-27,0
1306,58,2019-05-03,0
1307,206,2020-08-11,0
1308,184,2018-11-18,0
1309,99,2018-10-04,0
1310,26,2020-04-10,0
1311,24,2022-03-30,0
1312,284,2019-04-03,1
1313,104,2018-10-22,1
1314,33,2025-08-09,0
1315,214,2022-06-20,0
1316,261,2024-03-15,1
1317,37,2024-04-18,0
1318,284,2018-11-18,0
1319,218,2023-05-18,1
1320,76,2025-06-17,0
1321,233,2021-11-20,1
1322,126,2025-06-22,0
1323,191,2026-03-14,1
1324,39,2022-09-26,0
1325,74,2018-11-19,0
1326,233,2023-05-09,0
1327,242,2025-08-18,0
1328,4,2023-01-09,0
1329,65,2024-12-08,1
1330,183,2022-08-22,1
1331,272,2021-08-21,1
1332,203,2026-03-13,0
1333,212,2019-04-29,0
1334,117,2021-11-18,0
1335,17,2019-05-09,0
1336,230,2023-09-04,0
1337,240,2025-12-28,0
1338,133,2026-08-25,0
1339,152,2020-01-10,0
1340,71,2024-04-22,0
1341,136,2025-07-30,0
1342,73,2025-03-24,0
1343,127,2022-05-13,0
1344,41,2019-07-07,1
1345,182,2022-01-01,0
1346,75,2024-09-22,1
1347,218,2023-05-16,1
1348,156,2021-05-14,0
1349,269,2019-11-12,0
1350,67,2023-08-26,0
1351,82,2021-09-18,0
1352,73,2022-02-03,0
1353,190,2026-02-19,0
1354,33,2018-01-29,1
1355,206,2020-01-25,0
1356,246,2025-12-22,0
1357,203,2025-12-27,1
1358,41,2020-08-15,1
1359,148,2026-08-14,0
1360,161,2019-11-01,0
1361,118,2018-06-14,1
1362,140,2020-08-30,0
1363,229,2022-08-10,1
1364,251,2018-01-20,0
1365,91,2019-06-28,0
1366,99,2024-11-08,0
1367,63,2023-05-23,0
1368,121,2023-04-01,0
1369,164,2026-07-30,0
1370,215,2019-12-25,0
1371,81,2025-10-10,0
1372,65,2021-01-29,0
1373,10,2026-01-07,0
1374,29,2024-10-15,0
1375,16,2019-11-07,0
1376,63,2019-10-25,0
1377,209,2022-09-13,0
1378,233,2022-05-11,0
1379,292,2020-01-14,0
1380,164,2020-04-04,0
1381,137,2025-10-18,1
1382,270,2024-07-14,1
1383,45,2019-08-29,0
1384,190,2024-04-15,0
1385,246,2019-05-03,0
1386,151,2021-11-09,0
1387,79,2018-02-08,0
1388,187,2023-08-18,0
1389,299,2019-07-31,1
1390,71,2020-01-18,1
1391,169,2019-08-24,0
1392,16,2019-08-04,0
1393,70,2018-09-03,0
1394,231,2022-10-22,0
1395,149,2025-07-10,0
1396,60,2020-08-12,0
1397,101,2024-10-05,0
1398,37,2022-09-17,0
1399,234,2020-03-16,0
1400,283,2018-07-15,0
1401,32,2024-10-15,0
1402,72,2018-03-14,0
1403,258,2021-08-29,0
1404,264,2018-04-19,0
1405,231,2024-09-21,0
1406,215,2026-07-31,0
1407,259,2020-10-19,0
1408,113,2020-09-19,0
1409,269,2022-11-23,0
1410,266,2022-05-09,1
1411,69,2021-04-23,1
1412,22,2021-03-04,0
1413,157,2019-08-18,1
1414,228,2020-03-04,0
1415,255,2023-01-29,0
1416,43,2024-05-14,0
1417,114,2024-07-05,0
1418,231,2022-06-24,0
1419,19,2024-07-12,0
1420,217,2023-02-18,0
1421,88,2021-02-02,1
1422,7,2021-01-23,0
1423,73,2022-07-01,1
1424,223,2020-09-01,1
1425,262,2024-08-15,0
1426,25,2019-08-10,0
1427,140,2018-06-22,0
1428,61,2022-04-04,0
1429,206,2018-08-16,1
1430,235,2019-08-30,0
1431,289,2021-04-06,0
1432,107,2018-01-14,0
1433,90,2019-12-09,0
1434,93,2022-09-21,0
1435,229,2021-04-01,0
1436,134,2025-10-08,0
1437,7,2018-10-24,0
1438,285,2024-03-28,0
1439,32,2023-02-18,0
1440,279,2023-08-02,0
1441,49,2023-10-28,0
1442,162,2018-06-15,1
1443,94,2024-11-11,0
1444,207,2020-11-15,1
1445,121,2023-08-22,0
1446,111,2020-07-19,0
1447,144,2021-06-08,0
1448,292,2024-01-26,0
1449,74,2026-02-07,0
1450,66,2025-08-11,0
1451,20,2024-04-18,0
1452,222,2022-09-02,0
1453,204,2022-07-29,0
1454,183,2026-05-16,0
1455,8,2019-10-17,0
1456,238,2026-04-09,0
1457,243,2023-08-17,0
1458,284,2023-05-05,0
1459,279,2023-02-17,1
1460,79,2025-01-16,0
1461,214,2023-12-04,0
1462,121,2018-10-28,0
1463,179,2024-10-09,0
1464,100,2024-04-26,0
1465,198,2025-12-07,1
1466,286,2026-02-12,0
1467,196,2026-03-24,0
1468,277,2018-05-16,1
1469,280,2023-06-19,0
1470,36,2026-02-06,0
1471,290,2026-05-17,0
1472,246,2022-10-06,0
1473,129,2025-11-25,0
1474,181,2025-08-19,0
1475,186,2018-01-09,0
1476,236,2025-09-02,1
1477,241,2023-07-12,0
1478,31,2022-12-22,0
1479,1,2019-07-20,0
1480,74,2025-12-18,0
1481,159,2020-07-23,0
1482,255,2021-08-15,0
1483,196,2020-07-30,0
1484,41,2026-05-28,0
1485,216,2022-03-10,0
1486,141,2018-12-27,0
1487,111,2018-02-04,0
1488,232,2026-07-01,0
1489,89,2020-01-17,0
1490,186,2024-09-06,0
1491,55,2018-04-03,0
1492,115,2025-10-10,0
1493,168,2023-08-22,0
1494,188,2019-12-13,1
1495,276,2025-09-16,0
1496,88,2020-07-31,0
1497,269,2026-08-25,0
1498,245,2023-03-14,0
1499,108,2021-11-21,0
1500,43,2018-07-05,1
1501,78,2020-04-03,0
1502,198,2018-07-04,1
1503,237,2025-05-24,0
1504,184,2018-11-14,0
1505,218,2018-12-25,1
1506,31,2019-01-30,0
1507,152,2026-06-12,0
1508,263,2026-05-31,0
1509,117,2024-03-13,1
1510,270,2018-08-22,1
1511,38,2022-05-15,0
1512,294,2026-03-22,0
1513,236,2018-11-02,0
1514,188,2024-11-17,0
1515,186,2018-02-27,0
1516,281,2024-12-20,0
1517,114,2022-09-20,0
1518,50,2025-09-12,0
1519,276,2021-08-03,0
1520,31,2024-10-22,1
1521,198,2025-04-21,0
1522,80,2020-10-25,0
1523,279,2023-07-27,0
1524,293,2021-12-30,0
1525,143,2021-09-29,0
1526,160,2024-12-06,0
1527,137,2019-12-17,0
1528,128,2019-01-14,0
1529,282,2022-03-02,0
1530,87,2025-02-14,0
1531,288,2019-06-01,0
1532,196,2020-12-13,1
1533,289,2023-10-13,0
1534,184,2022-02-18,0
1535,246,2023-04-02,0
1536,147,2022-07-30,0
1537,139,2025-01-08,0
1538,78,2025-08-03,0
1539,64,2021-11-24,0
1540,12,2021-09-28,1
1541,116,2020-06-01,0
1542,297,2021-11-05,0
1543,282,2025-04-02,0
1544,208,2022-05-08,0
1545,110,2023-12-28,0
1546,157,2021-08-17,0
1547,228,2024-02-16,0
1548,1,2024-03-05,1
1549,277,2022-07-30,0
1550,262,2026-02-06,0
1551,292,2025-08-05,0
1552,29,2019-05-17,0
1553,285,2019-12-23,0
1554,185,2026-04-11,0
1555,167,2021-06-25,0
1556,54,2020-09-09,0
1557,148,2024-11-25,0
1558,109,2023-03-22,0
1559,297,2019-02-25,0
1560,102,2018-10-18,0
1561,66,2025-01-02,0
1562,284,2024-08-18,0
1563,57,2021-01-21,0
1564,272,2025-06-23,1
1565,289,2019-02-02,0
1566,93,2025-07-14,0
1567,207,2018-09-08,0
1568,240,2023-07-07,1
1569,161,2025-04-23,1
1570,210,2023-05-15,0
1571,40,2024-10-01,0
1572,155,2020-12-24,0
1573,154,2020-06-30,1
1574,170,2020-04-21,1
1575,284,2019-01-04,0
1576,248,2020-05-28,0
1577,181,2020-02-22,1
1578,122,2024-07-23,0
1579,122,2019-11-06,0
1580,7,2019-06-10,0
1581,166,2024-05-09,0
1582,76,2022-08-30,0
1583,266,2019-11-14,0
1584,233,2024-02-13,0
1585,274,2019-11-16,0
1586,299,2024-10-23,0
1587,121,2018-04-13,0
1588,129,2023-02-12,0
1589,183,2023-03-05,0
1590,130,2021-03-26,0
1591,84,2023-12-22,0
1592,213,2021-04-17,0
1593,136,2023-08-31,0
1594,283,2019-12-09,0
1595,66,2022-12-06,0
1596,134,2024-07-22,0
1597,160,2026-05-17,0
1598,273,2021-02-14,1
1599,174,2022-02-05,0
1600,21,2022-02-17,0
1601,102,2025-06-16,0
1602,266,2026-05-06,0
1603,82,2023-08-08,0
1604,103,2025-02-15,0
1605,46,2018-09-24,0
1606,216,2024-07-31,1
1607,42,2025-01-08,1
1608,111,2024-03-13,0
1609,214,2023-01-25,0
1610,269,2025-10-19,0
1611,67,2023-09-01,0
1612,100,2025-05-03,1
1613,36,2019-07-25,0
1614,132,2023-10-08,0
1615,300,2021-10-17,0
1616,92,2025-07-12,0
1617,78,2025-08-19,0
1618,120,2025-04-26,0
1619,269,2019-11-14,0
1620,165,2022-04-08,0
1621,183,2018-01-01,0
1622,235,2026-06-29,0
1623,215,2020-03-26,0
1624,180,2023-05-31,0
1625,169,2022-03-24,0
1626,160,2025-11-04,0
1627,55,2025-02-13,0
1628,125,2024-09-25,0
1629,255,2023-07-30,0
1630,12,2019-01-13,1
1631,249,2025-12-19,0
1632,170,2018-07-18,1
1633,105,2021-12-13,0
1634,35,2021-04-16,0
1635,230,2021-05-22,0
1636,1,2026-06-21,0
1637,163,2020-01-03,1
1638,49,2023-01-11,0
1639,273,2019-11-22,0
1640,55,2025-11-25,0
1641,241,2024-05-19,0
1642,173,2021-08-06,0
1643,13,2018-09-12,1
1644,217,2019-04-29,0
1645,264,2020-02-08,0
1646,67,2021-07-10,0
1647,291,2025-09-05,0
1648,240,2019-01-14,0
1649,223,2023-01-01,1
1650,101,2021-01-04,0
1651,36,2018-05-28,0
1652,129,2023-05-15,1
1653,243,2024-02-08,0
1654,176,2026-04-26,1
1655,195,2022-05-24,0
1656,235,2020-10-27,0
1657,102,2025-05-29,0
1658,12,2020-02-23,0
1659,266,2023-12-01,0
1660,185,2026-03-06,0
1661,170,2018-01-15,0
1662,172,2026-01-08,0
1663,256,2019-10-14,0
1664,231,2022-03-05,0
1665,202,2020-03-27,0
1666,235,2019-04-03,0
1667,87,2024-02-02,0
1668,214,2022-03-07,0
1669,293,2022-06-01,0
1670,71,2022-03-12,0
1671,172,2024-06-24,0
1672,205,2026-05-17,0
1673,156,2022-06-12,0
1674,291,2019-05-08,1
1675,122,2020-11-02,0
1676,66,2022-04-20,0
1677,41,2018-11-25,0
1678,255,2019-12-27,0
1679,206,2019-10-04,0
1680,174,2026-06-08,0
1681,130,2021-06-22,0
1682,123,2025-08-15,0
1683,281,2022-10-12,0
1684,205,2022-05-22,0
1685,290,2026-02-19,0
1686,241,2023-12-31,0
1687,231,2020-01-29,0
1688,167,2020-06-10,0
1689,73,2023-10-10,0
1690,197,2018-01-08,0
1691,215,2019-04-28,1
1692,157,2018-08-24,1
1693,7,2024-03-09,0
1694,289,2021-10-29,0
1695,248,2018-02-05,0
1696,106,2024-06-06,1
1697,149,2023-09-08,0
1698,38,2024-03-25,0
1699,282,2019-06-01,0
1700,70,2025-08-02,0
1701,114,2019-07-25,0
1702,129,2022-12-13,0
1703,79,2022-11-05,0
1704,191,2019-11-24,0
1705,299,2021-04-03,0
1706,257,2018-06-15,0
1707,160,2022-02-01,0
1708,40,2023-11-14,1
1709,259,2020-09-04,0
1710,78,2022-08-30,1
1711,274,2026-04-07,0
1712,119,2020-01-13,0
1713,156,2020-07-09,0
1714,132,2019-01-15,0
1715,137,2022-09-13,1
1716,50,2019-10-08,0
1717,166,2025-05-28,0
1718,121,2020-07-10,0
1719,255,2023-10-04,0
1720,144,2019-08-23,0
1721,290,2020-10-18,0
1722,89,2019-06-27,0
1723,99,2022-10-16,0
1724,12,2018-03-29,0
1725,222,2018-09-20,0
1726,23,2022-05-07,0
1727,86,2022-09-24,0
1728,274,2020-11-09,0
1729,184,2021-09-27,0
1730,168,2021-08-11,0
1731,242,2024-07-27,0
1732,232,2021-11-14,0
1733,266,2025-05-08,0
1734,200,2019-11-19,0
1735,135,2019-09-24,0
1736,40,2021-07-02,0
1737,111,2018-09-16,0
1738,212,2023-10-26,0
1739,77,2021-05-21,0
1740,202,2021-03-06,0
1741,41,2022-08-19,0
1742,19,2018-09-17,0
1743,110,2021-04-07,0
1744,69,2026-06-06,0
1745,262,2023-06-14,0
1746,114,2022-12-23,0
1747,126,2022-05-20,0
1748,122,2022-01-23,0
1749,96,2026-02-13,0
1750,276,2026-01-24,0
1751,222,2021-07-20,0
1752,48,2026-01-06,0
1753,65,2018-09-19,0
1754,25,2020-10-09,1
1755,77,2020-08-13,0
1756,197,2024-01-17,0
1757,281,2023-04-03,0
1758,145,2022-02-05,0
1759,25,2020-03-21,0
1760,15,2022-05-24,0
1761,125,2020-05-01,1
1762,80,2022-04-25,0
1763,174,2020-12-11,0
1764,36,2025-09-14,0
1765,70,2024-06-20,0
1766,167,2019-07-09,0
1767,85,2026-02-24,0
1768,110,2023-09-17,0
1769,67,2021-01-14,0
1770,16,2022-08-07,0
1771,104,2019-09-11,0
1772,99,2018-05-29,0
1773,270,2021-08-24,0
1774,268,2024-10-12,0
1775,130,2021-01-18,0
1776,87,2021-05-01,0
1777,126,2026-08-01,0
1778,183,2026-07-23,1
1779,116,2022-01-08,0
1780,227,2018-05-20,0
1781,290,2023-11-21,0
1782,122,2024-03-12,0
1783,36,2025-12-03,1
1784,37,2026-03-21,0
1785,262,2023-06-15,0
1786,125,2018-12-06,0
1787,99,2020-02-29,0
1788,186,2024-03-19,0
1789,287,2023-04-08,1
1790,128,2021-10-12,0
1791,95,2021-06-26,0
1792,259,2024-02-25,0
1793,25,2021-08-30,0
1794,254,2019-05-06,0
1795,157,2026-06-28,0
1796,7,2021-01-11,0
1797,69,2020-06-01,0
1798,204,2018-08-08,1
1799,226,2022-01-24,0
1800,59,2026-07-20,0
1801,198,2019-05-22,0
1802,297,2020-02-14,1
1803,206,2019-07-20,0
1804,211,2018-10-25,1
1805,59,2023-03-26,0
1806,192,2020-08-02,1
1807,213,2024-07-05,0
1808,34,2021-06-22,0
1809,94,2023-07-09,0
1810,265,2018-10-11,1
1811,300,2020-11-08,0
1812,52,2021-08-03,0
1813,220,2018-07-08,0
1814,151,2021-08-20,0
1815,178,2022-01-28,1
1816,154,2021-07-02,0
1817,261,2022-05-16,0
1818,134,2024-11-29,0
1819,177,2024-09-05,1
1820,201,2018-02-14,0
1821,166,2023-07-21,0
1822,264,2025-11-02,0
1823,72,2025-07-21,0
1824,285,2020-10-20,0
1825,204,2024-10-14,0
1826,289,2024-12-10,0
1827,113,2021-03-04,1
1828,144,2025-07-14,0
1829,13,2023-06-25,0
1830,278,2024-07-06,0
1831,245,2024-06-23,0
1832,89,2024-10-09,0
1833,16,2026-04-18,0
1834,210,2025-06-07,0
1835,202,2021-08-30,1
1836,159,2022-11-15,0
1837,48,2023-08-15,1
1838,276,2025-06-04,0
1839,130,2021-05-28,0
1840,218,2020-09-17,1
1841,258,2024-05-24,1
1842,165,2026-04-09,0
1843,29,2025-11-27,0
1844,267,2019-04-14,0
1845,201,2025-12-20,0
1846,269,2024-11-03,0
1847,184,2019-05-13,0
1848,273,2018-01-21,0
1849,261,2019-10-09,0
1850,65,2026-01-21,1
1851,52,2024-07-18,0
1852,49,2022-12-27,0
1853,240,2023-06-21,0
1854,73,2021-08-01,0
1855,136,2025-11-05,0
1856,237,2019-05-10,1
1857,129,2020-09-20,0
1858,19,2019-09-28,0
1859,109,2025-05-08,0
1860,29,2022-09-06,0
1861,116,2023-12-05,0
1862,222,2025-12-20,0
1863,156,2019-09-11,0
1864,203,2026-05-12,0
1865,33,2019-02-05,1
1866,226,2024-07-16,0
1867,128,2024-02-03,0
1868,87,2025-02-26,0
1869,196,2019-05-17,1
1870,41,2026-04-28,0
1871,150,2024-11-19,0
1872,127,2018-12-17,0
1873,50,2022-10-30,0
1874,286,2025-01-31,1
1875,109,2022-02-18,1
1876,13,2021-04-20,0
1877,133,2020-05-22,0
1878,290,2022-06-22,1
1879,201,2026-07-12,0
1880,192,2023-04-08,0
1881,271,2024-04-05,1
1882,26,2024-10-04,0
1883,166,2024-09-29,0
1884,97,2021-06-21,0
1885,203,2024-08-30,0
1886,256,2020-11-04,0
1887,24,2023-01-23,0
1888,48,2020-08-15,0
1889,287,2026-02-23,0
1890,148,2024-04-30,0
1891,95,2023-01-23,1
1892,46,2021-11-30,0
1893,107,2022-07-05,0
1894,2,2024-10-05,0
1895,67,2020-05-16,0
1896,55,2025-03-07,0
1897,26,2020-06-10,0
1898,291,2019-03-25,0
1899,238,2024-05-21,0
1900,283,2024-02-21,0
1901,73,2020-11-25,0
1902,87,2023-08-17,0
1903,85,2024-04-26,0
1904,168,2024-10-30,0
1905,55,2026-04-05,0
1906,71,2025-05-28,0
1907,293,2021-10-22,0
1908,106,2019-12-30,0
1909,235,2018-11-05,0
1910,69,2022-12-22,0
1911,279,2023-10-12,0
1912,209,2023-12-28,0
1913,259,2018-01-31,0
1914,155,2024-01-30,0
1915,272,2024-10-27,1
1916,109,2024-04-04,0
1917,144,2022-07-23,0
1918,19,2018-02-18,0
1919,52,2022-03-31,0
1920,232,2023-08-04,0
1921,99,2022-12-08,0
1922,31,2022-12-25,0
1923,88,2022-06-23,0
1924,106,2022-10-14,0
1925,216,2020-10-22,0
1926,28,2023-03-31,0
1927,8,2020-06-10,0
1928,218,2022-04-06,0
1929,43,2021-08-07,0
1930,126,2024-03-11,0
1931,205,2025-10-04,0
1932,155,2023-06-28,1
1933,38,2019-03-05,1
1934,217,2023-10-15,0
1935,15,2020-10-25,0
1936,70,2018-06-06,0
1937,33,2019-09-01,1
1938,154,2026-08-31,0
1939,208,2021-09-14,0
1940,195,2019-10-01,0
1941,42,2019-02-27,0
1942,104,2023-08-21,0
1943,44,2024-08-05,0
1944,103,2021-01-23,0
1945,70,2018-11-24,0
1946,223,2021-01-27,0
1947,226,2023-10-08,0
1948,246,2018-12-27,0
1949,61,2020-04-27,0
1950,5,2018-01-07,0
1951,11,2022-02-03,0
1952,254,2019-06-24,0
1953,272,2019-09-26,0
1954,64,2018-12-24,0
1955,263,2024-04-30,0
1956,159,2022-03-30,0
1957,56,2026-03-22,0
1958,94,2021-06-04,0
1959,80,2019-12-04,0
1960,230,2019-10-09,0
1961,57,2026-04-06,1
1962,55,2023-02-11,0
1963,216,2020-10-26,0
1964,91,2023-09-03,0
1965,76,2022-11-02,0
1966,243,2018-12-30,1
1967,280,2024-01-31,1
1968,167,2019-01-13,0
1969,249,2019-09-23,1
1970,253,2024-03-08,0
1971,177,2021-11-09,1
1972,249,2019-12-05,0
1973,3,2018-08-03,0
1974,11,2023-02-23,0
1975,266,2024-01-16,0
1976,43,2019-10-05,0
1977,219,2021-08-12,0
1978,127,2020-12-25,0
1979,237,2025-09-23,0
1980,200,2024-11-09,0
1981,22,2020-05-17,0
1982,102,2022-06-14,0
1983,213,2026-01-03,0
1984,277,2020-12-30,0
1985,242,2019-03-23,0
1986,268,2020-08-02,0
1987,287,2023-04-06,0
1988,269,2026-08-08,0
1989,175,2020-09-01,0
1990,101,2018-07-05,0
1991,153,2019-07-30,0
1992,239,2021-07-30,0
1993,128,2018-10-25,0
1994,250,2018-04-21,0
1995,211,2023-09-07,1
1996,63,2025-02-22,0
1997,277,2020-01-09,0
1998,254,2022-07-13,0
1999,180,2022-12-19,0
2000,59,2023-10-15,0
2001,69,2026-06-28,0
2002,252,2025-09-03,0
2003,6,2020-09-27,0
2004,146,2026-06-17,1
2005,186,2018-04-21,0
2006,70,2026-05-04,0
2007,260,2019-03-29,0
2008,157,2018-12-27,0
2009,20,2019-01-13,0
2010,97,2019-01-22,0
2011,120,2022-01-06,0
2012,67,2023-07-20,0
2013,283,2024-06-15,0
2014,109,2018-02-20,0
2015,151,2020-07-27,0
2016,161,2019-02-23,1
2017,67,2019-04-07,0
2018,171,2024-06-21,0
2019,107,2023-07-22,0
2020,4,2019-10-27,0
2021,123,2020-08-11,0
2022,176,2026-01-07,0
2023,36,2022-12-26,0
2024,234,2020-01-27,0
2025,199,2026-02-04,0
2026,93,2019-09-21,0
2027,178,2020-07-11,1
2028,92,2024-01-03,0
2029,195,2022-06-11,0
2030,47,2018-08-08,0
2031,184,2024-12-29,0
2032,17,2019-12-24,0
2033,6,2023-12-30,0
2034,77,2020-11-24,0
2035,53,2024-07-07,0
2036,148,2025-10-14,0
2037,50,2024-09-11,0
2038,74,2025-12-26,0
2039,30,2022-09-06,0
2040,267,2018-07-25,0
2041,221,2022-08-25,0
2042,66,2021-12-31,0
2043,37,2024-03-26,0
2044,256,2020-02-27,0
2045,201,2024-01-18,0
2046,266,2021-10-30,0
2047,54,2023-10-23,0
2048,108,2021-08-21,0
2049,36,2021-04-24,0
2050,128,2019-11-10,0
2051,49,2025-03-08,1
2052,2,2018-08-06,0
2053,153,2020-01-18,0
2054,294,2021-09-12,0
2055,194,2019-05-09,1
2056,228,2025-12-12,0
2057,244,2020-12-28,0
2058,292,2020-02-07,0
2059,39,2020-03-14,0
2060,76,2019-08-30,0
2061,185,2023-10-01,0
2062,247,2022-03-04,0
2063,233,2020-01-02,1
2064,219,2025-07-27,1
2065,94,2023-09-10,1
2066,110,2021-06-29,0
2067,24,2022-06-13,0
2068,95,2023-09-09,0
2069,47,2019-04-28,0
2070,282,2025-01-03,0
2071,28,2020-03-29,0
2072,110,2018-04-04,1
2073,267,2022-07-10,0
2074,287,2025-08-06,0
2075,114,2024-05-10,0
2076,140,2020-09-03,0
2077,158,2021-06-14,0
2078,247,2023-03-02,0
2079,231,2020-01-08,0
2080,158,2025-02-09,0
2081,112,2020-07-23,1
2082,112,2019-11-18,0
2083,195,2018-10-29,0
2084,251,2024-01-04,0
2085,24,2018-03-21,0
2086,231,2024-12-25,0
2087,145,2026-06-08,0
2088,44,2018-12-18,0
2089,29,2018-11-02,0
2090,102,2026-02-06,0
2091,75,2019-01-31,0
2092,32,2021-07-14,0
2093,89,2025-07-20,0
2094,251,2019-03-17,0
2095,216,2023-10-02,1
2096,63,2021-04-26,0
2097,203,2021-10-12,0
2098,136,2026-01-26,1
2099,225,2023-08-17,1
2100,75,2020-10-08,0
2101,19,2026-02-08,0
2102,94,2023-01-13,1
2103,299,2018-11-11,0
2104,167,2021-05-28,0
2105,17,2020-02-11,0
2106,293,2023-07-27,1
2107,248,2025-06-16,0
2108,164,2018-05-04,0
2109,223,2024-10-07,0
2110,56,2025-12-11,0
2111,178,2026-08-14,0
2112,274,2023-09-25,0
2113,132,2020-09-20,0
2114,12,2019-04-06,1
2115,228,2026-03-11,0
2116,220,2021-07-29,0
2117,222,2020-12-24,0
2118,195,2024-05-12,0
2119,42,2024-03-13,1
2120,35,2025-01-06,0
2121,238,2025-08-26,0
2122,257,2025-08-08,0
2123,24,2019-06-25,0
2124,175,2019-06-21,0
2125,151,2019-10-14,0
2126,106,2023-06-10,0
2127,194,2023-01-14,0
2128,275,2025-06-07,0
2129,247,2025-04-25,0
2130,46,2025-01-19,0
2131,139,2018-09-07,1
2132,281,2024-01-12,0
2133,72,2025-05-17,0
2134,257,2026-07-08,0
2135,148,2020-12-22,0
2136,157,2024-09-25,0
2137,76,2021-07-10,0
2138,276,2019-05-25,0
2139,159,2020-12-12,0
2140,173,2020-03-06,0
2141,139,2025-11-25,0
2142,27,2019-07-11,0
2143,235,2019-02-19,0
2144,99,2023-01-10,1
2145,73,2022-12-24,0
2146,235,2022-11-12,0
2147,60,2019-04-14,0
2148,205,2022-04-28,0
2149,143,2026-01-18,0
2150,240,2018-10-12,0
2151,16,2024-12-01,0
2152,233,2019-02-03,0
2153,69,2020-01-11,0
2154,262,2025-10-14,0
2155,107,2020-07-31,0
2156,3,2022-07-12,0
2157,147,2021-04-22,0
2158,17,2023-04-29,1
2159,81,2021-07-07,0
2160,216,2021-11-06,0
2161,169,2025-01-31,1
2162,213,2022-10-21,0
2163,264,2022-11-23,0
2164,141,2024-12-25,0
2165,164,2021-09-16,1
2166,18,2025-02-20,0
2167,87,2024-03-27,0
2168,218,2025-08-29,0
2169,19,2021-12-20,0
2170,108,2022-11-04,0
2171,41,2019-02-11,0
2172,258,2018-12-19,1
2173,169,2018-12-07,0
2174,194,2023-06-28,0
2175,206,2020-10-28,0
2176,68,2020-07-03,0
2177,15,2023-03-24,0
2178,120,2021-06-15,0
2179,56,2019-03-03,0
2180,97,2022-10-31,0
2181,96,2022-10-08,0
2182,235,2019-03-19,0
2183,96,2020-05-03,1
2184,46,2020-01-22,0
2185,288,2024-01-11,1
2186,15,2020-02-28,0
2187,62,2018-03-31,0
2188,105,2020-04-24,0
2189,19,2022-01-24,0
2190,270,2024-09-01,1
2191,106,2018-06-15,0
2192,235,2025-08-21,1
2193,41,2020-11-12,0
2194,157,2020-12-20,0
2195,38,2018-02-19,0
2196,70,2020-05-24,1
2197,123,2022-01-25,0
2198,259,2023-06-06,0
2199,92,2024-08-25,1
2200,227,2022-07-13,0
2201,28,2018-11-14,0
2202,76,2021-05-24,1
2203,182,2024-05-16,0
2204,141,2023-07-18,0
2205,151,2023-01-24,0
2206,204,2022-05-29,0
2207,24,2022-05-17,0
2208,209,2026-08-10,0
2209,259,2023-03-13,0
2210,230,2023-03-06,0
2211,86,2020-11-29,0
2212,106,2022-04-01,1
2213,289,2024-02-27,0
2214,237,2025-06-09,0
2215,280,2024-10-04,1
2216,275,2023-09-28,0
2217,131,2024-09-29,0
2218,39,2018-04-15,1
2219,69,2020-05-03,0
2220,89,2020-02-09,0
2221,251,2023-09-02,0
2222,83,2024-07-13,0
2223,109,2019-04-14,0
2224,256,2019-09-03,0
2225,50,2022-04-18,1
2226,200,2026-05-24,0
2227,166,2018-01-09,0
2228,296,2025-08-16,0
2229,147,2019-09-05,0
2230,157,2020-04-30,1
2231,256,2023-06-24,0
2232,298,2024-04-26,0
2233,219,2025-07-31,0
2234,210,2018-01-18,0
2235,263,2018-06-05,0
2236,294,2022-02-23,0
2237,221,2022-11-04,0
2238,88,2020-04-05,0
2239,193,2023-07-10,0
2240,71,2020-04-19,0
2241,151,2026-01-30,0
2242,134,2019-07-16,0
2243,297,2023-09-06,0
2244,167,2022-08-06,0
2245,288,2018-11-23,0
2246,243,2023-03-30,1
2247,255,2019-04-10,0
2248,51,2022-09-05,0
2249,233,2023-07-06,0
2250,76,2018-08-17,0
2251,174,2019-11-14,0
2252,146,2020-07-25,1
2253,78,2026-01-18,0
2254,296,2019-12-02,0
2255,263,2025-12-24,0
2256,173,2022-08-18,0
2257,4,2026-03-23,0
2258,55,2025-03-16,1
2259,69,2020-07-16,0
2260,292,2022-11-08,0
2261,122,2024-03-19,1
2262,15,2018-09-06,0
2263,176,2023-10-01,0
2264,286,2021-12-26,1
2265,169,2018-04-23,0
2266,134,2025-07-07,0
2267,53,2020-04-20,0
2268,264,2025-07-30,1
2269,32,2019-10-17,0
2270,281,2022-09-11,0
2271,67,2021-03-19,0
2272,42,2025-09-28,1
2273,105,2026-04-06,0
2274,2,2024-09-04,0
2275,5,2025-05-01,1
2276,56,2024-08-31,0
2277,208,2020-07-17,0
2278,245,2025-12-23,0
2279,75,2022-08-06,0
2280,194,2020-12-23,0
2281,106,2019-09-01,0
2282,130,2024-02-26,0
2283,101,2020-05-28,0
2284,268,2023-08-29,0
2285,154,2018-07-25,0
2286,152,2023-07-03,1
2287,258,2023-07-28,0
2288,198,2022-07-20,0
2289,45,2023-09-11,0
2290,57,2026-08-13,0
2291,103,2025-04-08,0
2292,30,2021-10-23,0
2293,208,2025-07-22,1
2294,149,2026-04-10,0
2295,14,2019-05-22,0
2296,121,2021-02-10,0
2297,249,2024-06-10,0
2298,273,2022-06-19,0
2299,289,2019-03-03,0
2300,277,2022-02-04,0
2301,183,2021-03-29,0
2302,279,2024-05-28,0
2303,287,2022-06-21,0
2304,191,2019-03-19,0
2305,124,2018-06-06,0
2306,290,2020-06-28,0
2307,125,2019-05-12,0
2308,50,2025-08-06,0
2309,32,2020-05-08,1
2310,171,2023-07-02,0
2311,11,2019-02-08,0
2312,36,2021-10-30,1
2313,74,2026-02-05,0
2314,159,2023-07-31,0
2315,144,2020-07-01,0
2316,154,2024-06-25,0
2317,153,2022-05-06,0
2318,299,2020-01-15,0
2319,66,2026-08-22,0
2320,143,2026-02-16,0
2321,184,2022-11-29,1
2322,83,2018-04-16,0
2323,55,2021-07-26,1
2324,14,2022-06-16,0
2325,98,2026-01-22,0
2326,77,2024-05-09,1
2327,59,2019-12-06,0
2328,82,2022-06-03,0
2329,209,2019-07-23,0
2330,249,2022-02-09,0
2331,155,2022-08-22,0
2332,20,2022-06-02,1
2333,221,2021-09-14,0
2334,46,2021-10-16,0
2335,18,2024-11-28,0
2336,171,2022-05-21,0
2337,128,2018-05-14,0
2338,94,2024-06-03,0
2339,291,2023-05-10,0
2340,28,2024-01-12,0
2341,17,2024-02-29,0
2342,177,2019-07-03,0
2343,126,2026-06-05,0
2344,241,2026-08-02,0
2345,13,2019-04-07,0
2346,126,2019-11-25,0
2347,44,2020-02-19,0
2348,13,2026-05-18,0
2349,139,2026-01-31,0
2350,221,2020-04-19,1
2351,48,2023-06-20,1
2352,253,2020-02-10,0
2353,156,2018-05-01,1
2354,145,2019-12-31,0
2355,277,2018-09-02,0
2356,99,2025-05-07,0
2357,61,2024-10-22,0
2358,236,2019-08-07,0
2359,33,2022-12-02,1
2360,262,2019-10-12,0
2361,248,2022-11-26,0
2362,294,2025-10-07,0
2363,139,2025-08-17,0
2364,187,2025-03-22,0
2365,265,2020-02-03,0
2366,40,2019-08-27,0
2367,92,2019-05-23,0
2368,142,2019-02-07,0
2369,189,2023-04-28,0
2370,204,2023-09-16,0
2371,277,2025-08-25,0
2372,147,2018-10-14,0
2373,52,2020-04-19,0
2374,57,2024-04-23,0
2375,241,2023-11-27,0
2376,139,2021-09-15,1
2377,190,2019-04-28,0
2378,169,2022-03-13,0
2379,244,2019-06-29,1
2380,66,2022-08-23,0
2381,52,2025-10-25,1
2382,221,2019-09-12,0
2383,131,2019-01-09,1
2384,245,2024-05-24,0
2385,39,2018-03-19,0
2386,82,2026-07-11,0
2387,289,2024-09-19,0
2388,254,2021-07-01,0
2389,19,2021-02-21,0
2390,246,2021-05-09,0
2391,20,2021-06-09,1
2392,37,2025-04-12,0
2393,270,2024-12-07,0
2394,38,2019-10-10,0
2395,91,2019-07-24,0
2396,41,2022-09-08,1
2397,180,2023-08-21,0
2398,18,2024-04-21,0
2399,87,2020-09-19,0
2400,98,2022-03-08,0
2401,195,2018-11-27,0
2402,149,2021-12-13,0
2403,58,2023-12-17,0
2404,140,2020-08-21,0
2405,138,2020-10-05,0
2406,107,2022-01-03,0
2407,161,2025-07-06,0
2408,98,2023-03-28,0
2409,101,2025-12-19,0
2410,236,2018-07-15,0
2411,76,2025-05-12,0
2412,99,2018-05-19,0
2413,43,2020-10-17,0
2414,210,2021-09-12,0
2415,212,2020-01-20,0
2416,204,2026-07-30,0
2417,51,2025-09-27,0
2418,136,2022-12-14,0
2419,88,2021-12-05,0
2420,230,2024-08-08,0
2421,102,2024-02-19,0
2422,125,2022-03-02,0
2423,137,2025-03-03,0
2424,229,2019-09-03,0
2425,211,2020-05-29,0
2426,246,2018-02-25,0
2427,129,2019-01-13,0
2428,246,2019-09-22,0
2429,262,2023-06-02,0
2430,158,2025-06-01,0
2431,204,2023-02-12,0
2432,273,2021-11-11,0
2433,252,2020-05-05,0
2434,83,2018-11-18,0
2435,215,2023-01-26,0
2436,134,2019-03-22,1
2437,45,2024-11-07,0
2438,112,2021-07-18,0
2439,294,2021-01-13,0
2440,288,2018-03-26,1
2441,236,2020-02-07,0
2442,298,2018-02-12,0
2443,172,2024-04-14,0
2444,228,2022-03-31,0
2445,50,2024-10-24,0
2446,90,2022-11-25,0
2447,52,2026-04-10,0
2448,282,2024-10-17,0
2449,185,2019-04-13,0
2450,280,2019-01-05,0
2451,125,2025-09-16,0
2452,122,2020-05-02,0
2453,203,2024-08-19,1
2454,171,2023-06-14,0
2455,112,2024-02-01,1
2456,96,2020-04-24,0
2457,154,2020-09-18,0
2458,23,2022-10-23,0
2459,57,2018-03-12,0
2460,14,2020-09-13,0
2461,47,2022-05-26,0
2462,60,2019-10-10,0
2463,23,2020-06-23,0
2464,17,2026-07-11,0
2465,246,2020-07-06,0
2466,55,2025-10-28,0
2467,167,2026-01-14,0
2468,30,2023-11-04,0
2469,285,2019-04-30,0
2470,72,2019-10-14,0
2471,225,2026-02-05,0
2472,193,2018-01-05,1
2473,231,2022-05-15,0
2474,189,2023-03-03,0
2475,153,2025-04-07,0
2476,232,2025-10-04,0
2477,245,2020-06-16,0
2478,114,2022-05-11,0
2479,283,2023-06-30,0
2480,297,2026-05-14,1
2481,217,2022-10-29,0
2482,279,2019-01-21,1
2483,32,2026-01-04,0
2484,163,2022-06-11,0
2485,196,2019-07-22,0
2486,279,2019-08-26,0
2487,37,2019-10-10,1
2488,242,2024-04-02,0
2489,24,2026-03-24,0
2490,108,2021-10-29,0
2491,208,2018-11-07,0
2492,88,2025-09-13,0
2493,251,2023-07-03,0
2494,280,2022-12-13,0
2495,48,2018-07-11,0
2496,78,2026-05-31,0
2497,23,2018-09-01,0
2498,214,2023-04-17,0
2499,266,2023-03-06,0
2500,181,2022-06-15,0
2501,40,2022-10-12,0
2502,53,2021-06-13,0
2503,11,2022-12-20,0
2504,147,2021-02-25,0
2505,217,2022-02-08,0
2506,46,2023-11-17,1
2507,255,2024-06-08,0
2508,76,2019-05-01,0
2509,155,2026-08-08,1
2510,201,2018-11-03,0
2511,162,2020-05-23,0
2512,144,2021-01-03,0
2513,102,2020-10-21,0
2514,130,2021-01-19,1
2515,72,2020-10-19,0
2516,89,2021-10-12,1
2517,227,2024-08-13,0
2518,265,2025-03-04,0
2519,255,2021-01-06,0
2520,100,2020-03-29,1
2521,97,2023-11-13,1
2522,18,2018-07-08,0
2523,83,2021-11-12,0
2524,176,2019-11-28,0
2525,81,2023-04-09,0
2526,221,2018-09-05,0
2527,16,2025-03-09,1
2528,124,2020-05-04,0
2529,85,2022-06-16,0
2530,149,2022-12-17,1
2531,8,2022-02-13,0
2532,126,2021-11-19,0
2533,237,2020-04-25,0
2534,258,2024-09-11,0
2535,77,2022-06-22,0
2536,129,2019-11-15,0
2537,208,2020-04-10,0
2538,140,2021-10-20,0
2539,163,2025-04-24,0
2540,103,2026-05-02,1
2541,252,2021-05-16,0
2542,190,2021-06-04,1
2543,289,2019-02-13,0
2544,234,2022-09-24,1
2545,111,2020-01-30,0
2546,99,2025-02-07,0
2547,27,2022-08-20,0
2548,187,2019-12-04,1
2549,225,2025-12-10,1
2550,107,2025-01-25,0
2551,7,2020-08-09,0
2552,248,2019-01-16,0
2553,67,2020-04-17,0
2554,175,2021-04-07,0
2555,16,2021-07-11,0
2556,19,2025-02-16,0
2557,270,2026-05-22,1
2558,202,2024-06-23,0
2559,2,2025-04-29,0
2560,31,2019-02-01,0
2561,148,2019-04-19,0
2562,205,2025-11-15,0
2563,128,2023-04-28,0
2564,262,2020-01-17,0
2565,196,2024-11-12,0
2566,185,2019-07-08,0
2567,87,2024-08-28,0
2568,205,2025-08-27,0
2569,263,2022-03-28,0
2570,15,2023-09-10,0
2571,221,2024-05-05,0
2572,264,2025-08-19,0
2573,130,2023-01-22,0
2574,230,2020-07-18,0
2575,108,2019-09-30,0
2576,58,2021-01-30,0
2577,245,2018-06-27,0
2578,94,2024-01-21,0
2579,228,2021-03-15,0
2580,95,2024-03-02,0
2581,120,2018-07-16,1
2582,206,2020-10-16,0
2583,103,2021-06-04,0
2584,243,2018-10-05,0
2585,12,2025-03-09,0
2586,4,2023-03-07,0
2587,25,2025-04-27,1
2588,77,2024-12-13,0
2589,17,2018-04-18,0
2590,115,2025-07-02,1
2591,8,2018-08-09,0
2592,227,2025-07-21,0
2593,46,2023-10-22,0
2594,292,2025-02-07,0
2595,258,2022-05-02,0
2596,209,2019-05-23,0
2597,240,2019-04-18,1
2598,233,2019-01-11,0
2599,254,2024-12-25,0
2600,167,2022-08-17,0
2601,188,2019-11-17,0
2602,141,2019-01-31,0
2603,188,2018-09-05,0
2604,115,2020-03-28,0
2605,38,2024-06-30,0
2606,280,2025-09-26,1
2607,210,2023-04-10,0
2608,212,2026-08-19,0
2609,85,2021-06-02,0
2610,232,2020-11-18,0
2611,156,2024-01-03,1
2612,23,2019-03-03,1
2613,287,2025-11-25,0
2614,298,2024-10-05,0
2615,262,2018-04-19,0
2616,143,2019-08-16,0
2617,70,2023-06-11,0
2618,4,2024-05-27,0
2619,221,2019-11-22,1
2620,268,2024-06-22,0
2621,32,2022-02-10,0
2622,206,2023-11-08,0
2623,9,2021-09-04,1
2624,233,2021-12-09,0
2625,9,2021-05-19,0
2626,293,2019-05-12,0
2627,52,2019-08-26,0
2628,121,2019-06-15,0
2629,209,2024-12-16,0
2630,254,2021-09-02,0
2631,109,2021-04-16,0
2632,295,2025-06-02,0
2633,5,2025-09-09,1
2634,142,2020-01-11,0
2635,297,2021-01-27,0
2636,83,2021-07-27,0
2637,161,2025-04-12,0
2638,134,2023-10-28,0
2639,119,2022-09-20,0
2640,231,2020-01-15,0
2641,156,2021-05-05,0
2642,215,2018-04-02,0
2643,156,2024-02-07,0
2644,300,2025-12-19,0
2645,142,2024-10-26,0
2646,239,2020-09-06,0
2647,184,2022-03-09,1
2648,241,2026-04-20,0
2649,266,2021-09-08,0
2650,68,2025-04-10,0
2651,91,2023-01-03,0
2652,91,2022-04-29,1
2653,147,2023-01-27,0
2654,148,2019-12-09,0
2655,2,2021-09-09,0
2656,269,2020-08-21,0
2657,258,2024-07-26,1
2658,181,2023-04-23,1
2659,92,2021-06-19,0
2660,248,2025-02-17,0
2661,82,2021-12-05,0
2662,92,2026-04-07,0
2663,300,2023-04-01,0
2664,278,2025-09-05,1
2665,176,2026-07-22,0
2666,51,2020-11-01,0
2667,37,2020-04-05,0
2668,290,2025-03-30,1
2669,80,2020-01-05,1
2670,205,2024-07-09,0
2671,106,2019-07-15,0
2672,149,2025-07-16,0
2673,296,2023-12-23,0
2674,178,2022-07-08,1
2675,130,2021-11-22,1
2676,125,2023-07-11,0
2677,70,2021-05-15,0
2678,167,2021-06-13,0
2679,171,2019-10-09,1
2680,29,2019-05-15,0
2681,122,2025-09-22,1
2682,194,2024-06-29,0
2683,17,2021-11-04,1
2684,293,2025-03-18,0
2685,259,2023-04-08,0
2686,192,2023-03-12,0
2687,5,2018-12-23,0
2688,156,2022-09-01,0
2689,270,2018-12-08,1
2690,7,2023-12-06,0
2691,238,2018-08-02,1
2692,252,2022-06-17,0
2693,23,2021-03-09,0
2694,70,2019-02-19,1
2695,218,2022-02-06,0
2696,274,2019-09-28,1
2697,232,2020-02-14,1
2698,158,2025-09-18,0
2699,181,2021-01-12,0
2700,158,2021-07-02,0
2701,174,2018-01-20,0
2702,232,2020-08-09,0
2703,15,2021-01-16,0
2704,63,2024-03-26,0
2705,18,2019-01-13,0
2706,239,2026-01-22,1
2707,219,2019-02-11,0
2708,16,2023-08-29,1
2709,32,2018-01-15,0
2710,80,2025-02-07,0
2711,73,2024-01-14,0
2712,156,2025-04-05,0
2713,150,2026-01-27,0
2714,108,2025-03-25,0
2715,50,2023-05-22,0
2716,195,2025-04-08,0
2717,237,2018-11-01,0
2718,193,2023-08-05,0
2719,243,2026-07-31,0
2720,275,2021-04-09,0
2721,253,2026-06-16,0
2722,196,2022-05-24,0
2723,15,2022-01-22,1
2724,101,2020-08-08,0
2725,129,2018-12-08,0
2726,214,2025-08-06,0
2727,255,2024-03-31,0
2728,193,2021-06-21,0
2729,109,2026-05-03,0
2730,237,2019-08-06,1
2731,209,2024-10-01,0
2732,240,2021-12-02,0
2733,177,2023-05-31,0
2734,195,2018-04-28,1
2735,105,2023-04-18,0
2736,120,2023-11-21,0
2737,83,2026-06-24,0
2738,78,2020-12-31,0
2739,196,2018-08-20,1
2740,116,2018-07-15,0
2741,41,2019-04-19,0
2742,11,2020-08-06,0
2743,259,2025-03-15,0
2744,131,2019-09-10,0
2745,173,2019-04-05,1
2746,272,2018-04-11,0
2747,34,2021-04-28,0
2748,282,2023-03-26,0
2749,212,2020-06-10,0
2750,193,2022-04-18,0
2751,130,2020-02-10,0
2752,212,2024-12-07,0
2753,62,2018-03-23,1
2754,91,2019-09-28,0
2755,289,2022-11-28,0
2756,83,2025-04-21,1
2757,216,2021-06-24,0
2758,280,2018-08-09,0
2759,178,2022-10-13,0
2760,90,2020-05-06,0
2761,255,2020-08-22,0
2762,248,2025-12-29,0
2763,164,2026-02-28,0
2764,35,2020-03-30,0
2765,133,2023-02-16,0
2766,130,2022-09-09,0
2767,57,2026-05-02,0
2768,121,2026-03-15,0
2769,47,2021-01-13,0
2770,208,2018-03-22,0
2771,130,2018-01-08,0
2772,220,2018-01-15,0
2773,137,2024-10-09,0
2774,215,2024-05-31,0
2775,220,2025-03-04,1
2776,49,2019-03-18,0
2777,133,2018-07-05,0
2778,225,2019-06-24,0
2779,178,2023-06-03,0
2780,67,2018-01-29,0
2781,250,2023-09-24,0
2782,60,2025-09-15,0
2783,299,2019-04-07,1
2784,213,2024-05-28,0
2785,97,2022-10-16,0
2786,59,2026-03-09,0
2787,271,2020-02-09,0
2788,158,2019-12-20,0
2789,242,2018-02-22,0
2790,250,2024-02-11,0
2791,21,2025-07-07,0
2792,206,2018-03-01,0
2793,101,2022-04-06,0
2794,273,2024-04-11,0
2795,66,2024-10-10,0
2796,11,2026-01-24,0
2797,200,2024-04-07,1
2798,166,2025-12-24,0
2799,167,2026-08-13,1
2800,79,2026-01-15,0
2801,149,2021-10-18,0
2802,290,2021-07-12,0
2803,230,2021-09-15,0
2804,296,2026-03-29,0
2805,100,2020-06-11,0
2806,262,2024-07-09,0
2807,115,2023-06-03,0
2808,281,2018-07-15,0
2809,260,2022-03-20,0
2810,50,2019-09-09,0
2811,292,2024-04-26,1
2812,183,2021-11-17,0
2813,233,2021-02-02,0
2814,174,2018-07-27,0
2815,66,2019-02-19,0
2816,296,2024-08-15,1
2817,34,2025-06-23,0
2818,243,2020-07-10,0
2819,63,2025-03-06,0
2820,236,2022-10-14,0
2821,127,2021-01-16,0
2822,71,2021-11-30,0
2823,72,2023-12-26,0
2824,96,2025-11-18,0
2825,271,2022-04-08,1
2826,231,2021-01-02,0
2827,202,2024-08-06,0
2828,189,2022-07-21,0
2829,126,2021-05-20,0
2830,271,2021-12-26,0
2831,83,2022-08-23,0
2832,283,2019-03-20,0
2833,115,2018-07-03,0
2834,103,2023-10-06,0
2835,143,2019-07-08,0
2836,225,2022-08-11,0
2837,215,2024-10-11,0
2838,231,2019-11-12,0
2839,27,2021-04-23,1
2840,49,2026-06-25,0
2841,255,2018-04-22,0
2842,295,2024-07-20,1
2843,39,2019-06-15,0
2844,272,2025-11-07,1
2845,79,2021-07-27,1
2846,294,2018-01-22,0
2847,299,2024-03-22,1
2848,192,2019-04-12,0
2849,58,2021-02-24,0
2850,237,2022-05-10,1
2851,31,2024-06-17,0
2852,101,2021-08-19,0
2853,192,2025-06-09,0
2854,21,2022-03-06,0
2855,118,2020-12-16,1
2856,240,2020-12-03,0
2857,28,2024-12-08,0
2858,111,2023-10-06,0
2859,2,2019-02-06,0
2860,198,2024-07-03,1
2861,24,2021-08-07,0
2862,85,2021-01-09,0
2863,157,2018-11-05,0
2864,65,2026-08-27,0
2865,70,2018-06-16,0
2866,251,2026-08-22,0
2867,234,2018-07-24,0
2868,25,2022-05-19,1
2869,258,2018-11-28,0
2870,141,2022-04-10,0
2871,44,2025-03-30,0
2872,273,2023-02-12,1
2873,102,2022-09-18,0
2874,98,2019-01-12,0
2875,44,2026-03-19,1
2876,266,2021-04-03,1
2877,87,2022-08-31,0
2878,178,2025-10-13,0
2879,72,2023-06-14,0
2880,269,2024-05-15,0
2881,237,2019-08-08,0
2882,151,2021-12-27,0
2883,104,2022-09-08,0
2884,197,2019-07-11,0
2885,149,2021-05-04,1
2886,283,2025-03-17,0
2887,203,2026-01-27,0
2888,9,2025-02-19,0
2889,247,2026-02-04,0
2890,58,2026-08-28,0
2891,91,2019-09-21,0
2892,131,2025-06-01,0
2893,63,2023-05-18,0
2894,283,2025-06-12,0
2895,294,2023-07-14,0
2896,47,2019-01-31,0
2897,97,2022-11-16,0
2898,112,2024-08-04,0
2899,202,2019-01-29,0
2900,180,2022-05-17,0
2901,204,2023-09-02,0
2902,10,2022-01-09,0
2903,155,2024-12-04,1
2904,64,2019-02-07,0
2905,69,2020-12-28,0
2906,233,2026-03-31,0
2907,43,2022-06-18,0
2908,10,2019-07-28,0
2909,147,2019-01-04,0
2910,221,2023-02-21,0
2911,154,2026-01-25,1
2912,49,2018-06-05,0
2913,233,2018-12-13,0
2914,115,2021-04-02,1
2915,213,2019-10-22,0
2916,61,2019-01-19,0
2917,274,2020-08-02,0
2918,86,2023-07-29,0
2919,292,2025-02-27,1
2920,114,2020-08-28,0
2921,219,2024-01-28,0
2922,151,2025-02-19,0
2923,23,2018-01-23,0
2924,30,2025-05-24,0
2925,122,2019-08-05,0
2926,58,2023-12-09,0
2927,183,2024-07-02,0
2928,42,2025-04-30,1
2929,178,2021-07-02,1
2930,62,2023-09-20,0
2931,55,2018-03-24,0
2932,111,2021-11-15,0
2933,175,2026-05-10,1
2934,120,2019-05-17,0
2935,105,2019-04-24,0
2936,103,2024-01-26,0
2937,102,2022-06-05,1
2938,122,2021-12-11,1
2939,251,2020-02-26,0
2940,174,2019-06-27,0
2941,127,2024-05-23,1
2942,225,2021-02-06,0
2943,159,2024-09-25,0
2944,285,2021-11-04,0
2945,169,2021-06-11,0
2946,65,2019-12-30,1
2947,169,2023-09-16,0
2948,233,2020-06-20,0
2949,64,2025-11-18,0
2950,61,2021-07-16,0
2951,180,2025-01-23,1
2952,266,2022-01-27,0
2953,101,2021-08-06,0
2954,153,2021-12-05,0
2955,197,2021-10-29,0
2956,200,2022-02-25,1
2957,44,2025-09-08,0
2958,119,2024-02-04,0
2959,299,2018-04-19,1
2960,267,2018-07-04,0
2961,232,2018-03-14,0
2962,8,2023-12-28,0
2963,126,2019-10-14,1
2964,16,2021-05-04,0
2965,91,2025-03-05,0
2966,260,2019-02-22,0
2967,117,2019-05-01,0
2968,51,2018-09-09,0
2969,217,2020-06-22,0
2970,228,2018-10-11,0
2971,197,2023-06-15,0
2972,243,2024-05-21,0
2973,211,2019-08-07,0
2974,191,2022-07-19,0
2975,267,2020-08-17,0
2976,98,2018-09-12,0
2977,137,2022-01-18,1
2978,169,2024-01-17,1
2979,201,2019-12-24,1
2980,143,2024-10-31,0
2981,133,2026-08-08,0
2982,50,2018-06-28,0
2983,192,2019-06-02,0
2984,38,2020-07-05,0
2985,143,2025-05-14,0
2986,123,2019-03-26,0
2987,233,2022-01-28,0
2988,143,2022-08-29,0
2989,2,2019-02-13,1
2990,152,2018-05-13,0
2991,65,2019-01-11,0
2992,115,2018-06-27,0
2993,89,2022-05-03,0
2994,50,2026-02-13,1
2995,284,2021-01-24,0
2996,77,2020-03-23,0
2997,153,2020-01-13,0
2998,249,2026-07-04,0
2999,110,2026-04-25,1
3000,282,2023-08-16,1
